Brend,Code,Position,Link,Deal ID
OFP Funding,U9NWZWZV,2,https://www.wethrift.com/ofp-funding,F3XQXFCDL
PickleBall Super Store,Gyorgi-109165,2,https://www.wethrift.com/pickleball-superstore,FKXCJ2SKKC
Blue Guardian,INVEST,1,https://www.wethrift.com/blue-guardian,P3H78PKKCJ
Spartus,STOCKSPROM,1,https://www.wethrift.com/spartus,P3AAVJXK3C
Blueberry Funded,INVEST,2,https://www.wethrift.com/blueberry-funded,FKEZDZHCKJ
Pure Plank,STOCKSPROM,2,https://www.wethrift.com/pure-plank,
BrightFunded,INVEST,1,https://www.wethrift.com/brightfunded,
Spinwave Pickleball,STOCKSPROM,1,https://www.wethrift.com/spinwave-pickleball,
Funding Traders,INVEST,1,https://www.wethrift.com/funding-traders,
Intense Oud,STOCKSPROM,1,https://www.wethrift.com/intense-oud,
Prop Number One,INVEST,1,https://www.wethrift.com/prop-number-one,
City Trader Imperium,SHINY10,2,https://www.wethrift.com/city-traders-imperium,
Rebels Funding,INVEST,1,https://www.wethrift.com/rebels-funding,
Hesacore,GYORGI10,2,https://www.wethrift.com/hesacore,
Aqua Funded,INVEST,1,https://www.wethrift.com/aquafunded,
ADV Tennis,STOCKSPROM,2,https://www.wethrift.com/adv-tennis,
Hantec Trader,INVEST,2,https://www.wethrift.com/hantec-trader,
Pure Himalayan Shilajit ,STOCKSPROM,1,https://www.wethrift.com/pure-himalayan-shilajit,
Monevis,INVEST,1,https://www.wethrift.com/monevis,
Standout Pickleball,STOCKSPROM,1,https://www.wethrift.com/standout-pickleball,
Rocket21,INVEST,1,https://www.wethrift.com/rocket-21,
11SIX24 Pickleball,STOCKSPROM,2,https://www.wethrift.com/11six24-pickleball,
Lark Funding,INVEST,1,https://www.wethrift.com/lark-funding,
KVLR Pickleball Paddles,STOCKSPROM,1,https://www.wethrift.com/kvlr-pickleball-paddles,
Sway Funded,INVEST,1,https://www.wethrift.com/sway-funded,
SLYCE Sport,STOCKSPROM,1,https://www.wethrift.com/slyce-sport,
quanttekel,INVEST,3,https://www.wethrift.com/quant-tekel,
For Traders,INVEST,2,https://www.wethrift.com/for-traders,
CPX Pickleball,GYORGI97518,1,https://www.wethrift.com/cpx-pickleball,
PipFarm,SHINY,2,https://www.wethrift.com/pipfarm,
FTUK,INVEST,2,https://www.wethrift.com/ftuk,
The Trading Pit,SHINY,2,https://www.wethrift.com/the-trading-pit,
Goat Funded Trader,SHINY,1,https://www.wethrift.com/goat-funded-trader,
VORO Motors,GYORGI,2,https://www.wethrift.com/voro-motors,
Nostro,INVEST,1,https://www.wethrift.com/nostro,
ProDrive,STOCKSPROM,1,https://www.wethrift.com/prodrive,
FundYourFX,INVEST,2,https://www.wethrift.com/fundyourfx,
Thrive Pickleball Paddles,STOCKSPROM,1,https://www.wethrift.com/thrive-pickleball-paddles,
FTUK,INVEST,2,https://www.wethrift.com/ftuk,
Sohnne,SPROM75,2,https://www.wethrift.com/sohnne,
Alpha Futures,INVEST,1,https://www.wethrift.com/alpha-futures,
Tenzo,STOCKSPROM,2,https://www.wethrift.com/tenzo,
Trade Day,SHINY20,1,https://www.wethrift.com/tradeday,
CRBN,STOCKSPROM,1,https://www.wethrift.com/crbn,
Traders With Edge,INVEST,1,https://www.wethrift.com/traders-with-edge,
Reload Pickleball,STOCKSPROM,1,https://www.wethrift.com/reload-pickleball,
Luxe Cosmetic,INVEST,1,https://www.wethrift.com/lure-cosmetics,
Dropship.io,SACE25,1,https://www.wethrift.com/dropship,
Minea,30OFF,1,https://www.wethrift.com/minea,
Tidio,INVEST,1,https://www.wethrift.com/tidio,
Synergy Pickleball,STOCKSPROM,1,https://www.wethrift.com/synergy-pickleball,
Bookmap,INVEST,2,https://www.wethrift.com/bookmap,
The Best Paddle,STOCKSPROM,2,https://www.wethrift.com/the-best-paddle,
Killerspin,GYORM77,1,https://www.wethrift.com/killerspin,